[
{
    "model": "mission.mission",
    "pk": 1,
    "fields": {
        "code_mission": "Simply.",
        "libelle": "Six entire save hit. Thousand support defense class."
    }
},
{
    "model": "mission.mission",
    "pk": 2,
    "fields": {
        "code_mission": "Poor.",
        "libelle": "Manager up style form treatment. Old air foreign speech."
    }
},
{
    "model": "mission.mission",
    "pk": 3,
    "fields": {
        "code_mission": "Friend.",
        "libelle": "View worker animal thank everything focus personal. Worker reveal so walk."
    }
},
{
    "model": "mission.mission",
    "pk": 4,
    "fields": {
        "code_mission": "Push.",
        "libelle": "Factor prevent store use. Heavy foreign responsibility military. Dream himself professor and."
    }
},
{
    "model": "mission.mission",
    "pk": 5,
    "fields": {
        "code_mission": "Purpose.",
        "libelle": "Sort manager bit shake mission surface."
    }
},
{
    "model": "mission.mission",
    "pk": 6,
    "fields": {
        "code_mission": "Child.",
        "libelle": "Important weight structure plan each against. Eat issue best well identify lay notice star."
    }
},
{
    "model": "mission.mission",
    "pk": 7,
    "fields": {
        "code_mission": "Mr yes.",
        "libelle": "Work project listen interesting we. Not process inside."
    }
},
{
    "model": "mission.mission",
    "pk": 8,
    "fields": {
        "code_mission": "Fine.",
        "libelle": "Speech there shoulder well magazine let surface. Would today organization for bed."
    }
},
{
    "model": "mission.mission",
    "pk": 9,
    "fields": {
        "code_mission": "Wife book.",
        "libelle": "Tv staff leader more heart."
    }
},
{
    "model": "mission.mission",
    "pk": 10,
    "fields": {
        "code_mission": "Natural.",
        "libelle": "Early while mean edge budget. Himself media both listen heavy begin media. Message industry today."
    }
},
{
    "model": "mission.mission",
    "pk": 11,
    "fields": {
        "code_mission": "Score.",
        "libelle": "Ahead only city will fill give. Approach by social right raise."
    }
},
{
    "model": "mission.mission",
    "pk": 12,
    "fields": {
        "code_mission": "New sea.",
        "libelle": "Add town anything those. Painting expert economy meet town identify actually yourself."
    }
},
{
    "model": "mission.mission",
    "pk": 13,
    "fields": {
        "code_mission": "Everybody.",
        "libelle": "Force seven want director bit late. Character woman already peace investment identify."
    }
},
{
    "model": "mission.mission",
    "pk": 14,
    "fields": {
        "code_mission": "Like land.",
        "libelle": "Blood choose level provide true media. Play same car."
    }
},
{
    "model": "mission.mission",
    "pk": 15,
    "fields": {
        "code_mission": "Light.",
        "libelle": "Section alone recent spring start order. Face history someone."
    }
},
{
    "model": "mission.mission",
    "pk": 16,
    "fields": {
        "code_mission": "Those.",
        "libelle": "Take toward every citizen half. Write ahead while president. Sing never lose work."
    }
},
{
    "model": "mission.mission",
    "pk": 17,
    "fields": {
        "code_mission": "Research.",
        "libelle": "Goal game line medical turn. Role method support stand couple a."
    }
},
{
    "model": "mission.mission",
    "pk": 18,
    "fields": {
        "code_mission": "Race what.",
        "libelle": "Law meet member produce step. Democrat step technology eat PM. Get compare red benefit happen."
    }
},
{
    "model": "mission.mission",
    "pk": 19,
    "fields": {
        "code_mission": "Entire.",
        "libelle": "Tree before maybe report office. Crime hundred understand weight beat."
    }
},
{
    "model": "mission.mission",
    "pk": 20,
    "fields": {
        "code_mission": "Require.",
        "libelle": "Question central best might."
    }
},
{
    "model": "mission.mission",
    "pk": 21,
    "fields": {
        "code_mission": "Exactly.",
        "libelle": "Wall indicate TV near radio. Thing still light probably some stock. Her out those."
    }
},
{
    "model": "mission.mission",
    "pk": 22,
    "fields": {
        "code_mission": "Charge.",
        "libelle": "Total certain gun likely partner. Such old represent fight firm itself organization."
    }
},
{
    "model": "mission.mission",
    "pk": 23,
    "fields": {
        "code_mission": "Subject.",
        "libelle": "Article receive nothing something manager avoid. Since PM brother."
    }
},
{
    "model": "mission.mission",
    "pk": 24,
    "fields": {
        "code_mission": "History.",
        "libelle": "Big central sound century girl. Through bar standard government care."
    }
},
{
    "model": "mission.mission",
    "pk": 25,
    "fields": {
        "code_mission": "Seem.",
        "libelle": "Quite charge budget mean. She four west above soldier past agent."
    }
},
{
    "model": "mission.mission",
    "pk": 26,
    "fields": {
        "code_mission": "Chair.",
        "libelle": "Another gas move seem. Election walk your bag road worker. As sure card almost us record create."
    }
},
{
    "model": "mission.mission",
    "pk": 27,
    "fields": {
        "code_mission": "During.",
        "libelle": "Own capital official work fire. Treatment TV south term prepare step."
    }
},
{
    "model": "mission.mission",
    "pk": 28,
    "fields": {
        "code_mission": "Knowledge.",
        "libelle": "Hand according wife."
    }
},
{
    "model": "mission.missionactive",
    "pk": 1,
    "fields": {
        "id_mission": 11,
        "id_affaire": 19
    }
},
{
    "model": "mission.missionactive",
    "pk": 2,
    "fields": {
        "id_mission": 26,
        "id_affaire": 36
    }
},
{
    "model": "mission.missionactive",
    "pk": 3,
    "fields": {
        "id_mission": 28,
        "id_affaire": 24
    }
},
{
    "model": "mission.missionactive",
    "pk": 4,
    "fields": {
        "id_mission": 17,
        "id_affaire": 37
    }
},
{
    "model": "mission.missionactive",
    "pk": 5,
    "fields": {
        "id_mission": 18,
        "id_affaire": 17
    }
},
{
    "model": "mission.missionactive",
    "pk": 6,
    "fields": {
        "id_mission": 20,
        "id_affaire": 34
    }
},
{
    "model": "mission.missionactive",
    "pk": 7,
    "fields": {
        "id_mission": 21,
        "id_affaire": 34
    }
},
{
    "model": "mission.missionactive",
    "pk": 8,
    "fields": {
        "id_mission": 24,
        "id_affaire": 18
    }
},
{
    "model": "mission.missionactive",
    "pk": 9,
    "fields": {
        "id_mission": 19,
        "id_affaire": 16
    }
},
{
    "model": "mission.missionactive",
    "pk": 10,
    "fields": {
        "id_mission": 8,
        "id_affaire": 21
    }
},
{
    "model": "mission.missionactive",
    "pk": 11,
    "fields": {
        "id_mission": 6,
        "id_affaire": 35
    }
},
{
    "model": "mission.missionactive",
    "pk": 12,
    "fields": {
        "id_mission": 7,
        "id_affaire": 39
    }
},
{
    "model": "mission.missionactive",
    "pk": 13,
    "fields": {
        "id_mission": 1,
        "id_affaire": 18
    }
},
{
    "model": "mission.missionactive",
    "pk": 14,
    "fields": {
        "id_mission": 2,
        "id_affaire": 39
    }
},
{
    "model": "mission.missionactive",
    "pk": 15,
    "fields": {
        "id_mission": 6,
        "id_affaire": 39
    }
},
{
    "model": "mission.missionactive",
    "pk": 16,
    "fields": {
        "id_mission": 23,
        "id_affaire": 36
    }
},
{
    "model": "mission.missionactive",
    "pk": 17,
    "fields": {
        "id_mission": 6,
        "id_affaire": 16
    }
},
{
    "model": "mission.missionactive",
    "pk": 18,
    "fields": {
        "id_mission": 11,
        "id_affaire": 30
    }
},
{
    "model": "mission.missionactive",
    "pk": 19,
    "fields": {
        "id_mission": 19,
        "id_affaire": 33
    }
},
{
    "model": "mission.missionactive",
    "pk": 20,
    "fields": {
        "id_mission": 22,
        "id_affaire": 14
    }
},
{
    "model": "mission.missionactive",
    "pk": 21,
    "fields": {
        "id_mission": 27,
        "id_affaire": 15
    }
},
{
    "model": "mission.missionactive",
    "pk": 22,
    "fields": {
        "id_mission": 1,
        "id_affaire": 22
    }
},
{
    "model": "mission.missionactive",
    "pk": 23,
    "fields": {
        "id_mission": 26,
        "id_affaire": 39
    }
},
{
    "model": "mission.missionactive",
    "pk": 24,
    "fields": {
        "id_mission": 9,
        "id_affaire": 20
    }
},
{
    "model": "mission.missionactive",
    "pk": 25,
    "fields": {
        "id_mission": 11,
        "id_affaire": 38
    }
},
{
    "model": "mission.missionactive",
    "pk": 26,
    "fields": {
        "id_mission": 18,
        "id_affaire": 14
    }
},
{
    "model": "mission.missionactive",
    "pk": 27,
    "fields": {
        "id_mission": 5,
        "id_affaire": 38
    }
},
{
    "model": "mission.missionactive",
    "pk": 28,
    "fields": {
        "id_mission": 2,
        "id_affaire": 31
    }
},
{
    "model": "mission.interventiontechnique",
    "pk": 1,
    "fields": {
        "affecteur": 11,
        "date": "1994-12-22",
        "id_mission_active": 24,
        "id_collaborateur": 28
    }
},
{
    "model": "mission.interventiontechnique",
    "pk": 2,
    "fields": {
        "affecteur": 16,
        "date": "1982-11-06",
        "id_mission_active": 17,
        "id_collaborateur": 22
    }
},
{
    "model": "mission.interventiontechnique",
    "pk": 3,
    "fields": {
        "affecteur": 12,
        "date": "1998-06-16",
        "id_mission_active": 9,
        "id_collaborateur": 4
    }
},
{
    "model": "mission.interventiontechnique",
    "pk": 4,
    "fields": {
        "affecteur": 4,
        "date": "1984-06-03",
        "id_mission_active": 1,
        "id_collaborateur": 8
    }
},
{
    "model": "mission.interventiontechnique",
    "pk": 5,
    "fields": {
        "affecteur": 24,
        "date": "1994-02-27",
        "id_mission_active": 12,
        "id_collaborateur": 2
    }
},
{
    "model": "mission.interventiontechnique",
    "pk": 6,
    "fields": {
        "affecteur": 14,
        "date": "2012-09-24",
        "id_mission_active": 12,
        "id_collaborateur": 20
    }
},
{
    "model": "mission.interventiontechnique",
    "pk": 7,
    "fields": {
        "affecteur": 28,
        "date": "2003-01-23",
        "id_mission_active": 24,
        "id_collaborateur": 26
    }
},
{
    "model": "mission.interventiontechnique",
    "pk": 8,
    "fields": {
        "affecteur": 26,
        "date": "2000-08-20",
        "id_mission_active": 16,
        "id_collaborateur": 24
    }
},
{
    "model": "mission.interventiontechnique",
    "pk": 9,
    "fields": {
        "affecteur": 21,
        "date": "1977-06-27",
        "id_mission_active": 20,
        "id_collaborateur": 13
    }
},
{
    "model": "mission.interventiontechnique",
    "pk": 10,
    "fields": {
        "affecteur": 2,
        "date": "2000-05-08",
        "id_mission_active": 14,
        "id_collaborateur": 4
    }
},
{
    "model": "mission.interventiontechnique",
    "pk": 11,
    "fields": {
        "affecteur": 20,
        "date": "2004-06-21",
        "id_mission_active": 14,
        "id_collaborateur": 19
    }
},
{
    "model": "mission.interventiontechnique",
    "pk": 12,
    "fields": {
        "affecteur": 5,
        "date": "1976-01-24",
        "id_mission_active": 9,
        "id_collaborateur": 6
    }
},
{
    "model": "mission.interventiontechnique",
    "pk": 13,
    "fields": {
        "affecteur": 15,
        "date": "1991-03-15",
        "id_mission_active": 4,
        "id_collaborateur": 6
    }
},
{
    "model": "mission.interventiontechnique",
    "pk": 14,
    "fields": {
        "affecteur": 24,
        "date": "2008-06-14",
        "id_mission_active": 15,
        "id_collaborateur": 29
    }
},
{
    "model": "mission.interventiontechnique",
    "pk": 15,
    "fields": {
        "affecteur": 13,
        "date": "1996-03-03",
        "id_mission_active": 14,
        "id_collaborateur": 6
    }
},
{
    "model": "mission.interventiontechnique",
    "pk": 16,
    "fields": {
        "affecteur": 26,
        "date": "1983-01-31",
        "id_mission_active": 9,
        "id_collaborateur": 9
    }
},
{
    "model": "mission.interventiontechnique",
    "pk": 17,
    "fields": {
        "affecteur": 22,
        "date": "2017-01-03",
        "id_mission_active": 4,
        "id_collaborateur": 17
    }
},
{
    "model": "mission.interventiontechnique",
    "pk": 18,
    "fields": {
        "affecteur": 7,
        "date": "1985-04-23",
        "id_mission_active": 11,
        "id_collaborateur": 9
    }
},
{
    "model": "mission.interventiontechnique",
    "pk": 19,
    "fields": {
        "affecteur": 13,
        "date": "1990-01-11",
        "id_mission_active": 11,
        "id_collaborateur": 9
    }
},
{
    "model": "mission.interventiontechnique",
    "pk": 20,
    "fields": {
        "affecteur": 10,
        "date": "1988-11-18",
        "id_mission_active": 11,
        "id_collaborateur": 22
    }
},
{
    "model": "mission.interventiontechnique",
    "pk": 21,
    "fields": {
        "affecteur": 3,
        "date": "1997-08-04",
        "id_mission_active": 21,
        "id_collaborateur": 26
    }
},
{
    "model": "mission.interventiontechnique",
    "pk": 22,
    "fields": {
        "affecteur": 23,
        "date": "1993-08-23",
        "id_mission_active": 27,
        "id_collaborateur": 26
    }
},
{
    "model": "mission.interventiontechnique",
    "pk": 23,
    "fields": {
        "affecteur": 27,
        "date": "2023-05-24",
        "id_mission_active": 6,
        "id_collaborateur": 27
    }
},
{
    "model": "mission.interventiontechnique",
    "pk": 24,
    "fields": {
        "affecteur": 28,
        "date": "1981-07-23",
        "id_mission_active": 21,
        "id_collaborateur": 23
    }
},
{
    "model": "mission.interventiontechnique",
    "pk": 25,
    "fields": {
        "affecteur": 3,
        "date": "1982-06-13",
        "id_mission_active": 6,
        "id_collaborateur": 11
    }
},
{
    "model": "mission.interventiontechnique",
    "pk": 26,
    "fields": {
        "affecteur": 4,
        "date": "2007-09-12",
        "id_mission_active": 15,
        "id_collaborateur": 11
    }
},
{
    "model": "mission.interventiontechnique",
    "pk": 27,
    "fields": {
        "affecteur": 25,
        "date": "1998-08-09",
        "id_mission_active": 15,
        "id_collaborateur": 12
    }
},
{
    "model": "mission.interventiontechnique",
    "pk": 28,
    "fields": {
        "affecteur": 8,
        "date": "1996-03-16",
        "id_mission_active": 28,
        "id_collaborateur": 10
    }
}
]
