[
{
    "model": "ouvrage.ouvrage",
    "pk": 1,
    "fields": {
        "libelle": "Place concern close month. Out science heart image. Cup focus organization reveal mean or.\nBetween hair like. Such if model later him. Physical certain though."
    }
},
{
    "model": "ouvrage.ouvrage",
    "pk": 2,
    "fields": {
        "libelle": "End foot management city father no. Oil however wait audience president letter mention."
    }
},
{
    "model": "ouvrage.ouvrage",
    "pk": 3,
    "fields": {
        "libelle": "Suffer decision including. Leave southern student happen main interview whatever house.\nBig choose respond. Amount they wait dream."
    }
},
{
    "model": "ouvrage.ouvrage",
    "pk": 4,
    "fields": {
        "libelle": "Week reason black. Record no yard eight sign. Environmental age lead rich society yeah fund product.\nManage part half see act. Information will amount it nothing possible receive building."
    }
},
{
    "model": "ouvrage.ouvrage",
    "pk": 5,
    "fields": {
        "libelle": "There gun fund body usually sort simply. Yard forget less or. White end ask high. Father thing activity matter author."
    }
},
{
    "model": "ouvrage.ouvrage",
    "pk": 6,
    "fields": {
        "libelle": "Turn catch military prepare us he agreement. Discuss tax parent western course picture. Kind fire development fact establish change wonder civil. Toward save play work every green."
    }
},
{
    "model": "ouvrage.ouvrage",
    "pk": 7,
    "fields": {
        "libelle": "Serious fall beautiful economy. Occur pretty tough build whole win.\nMust this level. Cell soon must real billion new even green. Health a treat agreement research clearly."
    }
},
{
    "model": "ouvrage.ouvrage",
    "pk": 8,
    "fields": {
        "libelle": "Partner anything tonight phone. Notice guess truth star.\nWhole people sign sound new officer make. Executive pick similar thing. One because floor human great face. Hour country gun open."
    }
},
{
    "model": "ouvrage.ouvrage",
    "pk": 9,
    "fields": {
        "libelle": "Character center back discussion. National if audience that.\nDrive prepare on study huge feel son. Name image if. Down process science practice."
    }
},
{
    "model": "ouvrage.ouvrage",
    "pk": 10,
    "fields": {
        "libelle": "Move although learn story how. Why young at environmental energy. Style side seek summer with.\nDoctor candidate walk finish agency discuss impact. Plant five lawyer there."
    }
},
{
    "model": "ouvrage.ouvrage",
    "pk": 11,
    "fields": {
        "libelle": "Position add might born for wind wife. Firm offer away prevent everything player."
    }
},
{
    "model": "ouvrage.ouvrage",
    "pk": 12,
    "fields": {
        "libelle": "Change game hotel other about. Major fight stop job skin. Pretty stock seat pass thus.\nNote public check. Audience bank result hand."
    }
},
{
    "model": "ouvrage.ouvrage",
    "pk": 13,
    "fields": {
        "libelle": "Six start learn meet. Window time marriage little tough wide.\nDrop explain energy imagine organization science. Close suddenly key consumer spring always. Result close something short."
    }
},
{
    "model": "ouvrage.ouvrage",
    "pk": 14,
    "fields": {
        "libelle": "Ahead allow air probably wait. Stock note feeling ok top you mouth.\nActually final how level situation. Party seven various ahead management rest commercial economic."
    }
},
{
    "model": "ouvrage.ouvrage",
    "pk": 15,
    "fields": {
        "libelle": "Test various themselves apply language significant threat should. Talk head hear.\nEvening become stand somebody. Drop budget face camera turn without. Protect performance hard along."
    }
},
{
    "model": "ouvrage.affaireouvrage",
    "pk": 1,
    "fields": {
        "id_affaire": 40,
        "id_ouvrage": 15,
        "validateur": 43
    }
},
{
    "model": "ouvrage.affaireouvrage",
    "pk": 2,
    "fields": {
        "id_affaire": 44,
        "id_ouvrage": 6,
        "validateur": 36
    }
},
{
    "model": "ouvrage.affaireouvrage",
    "pk": 3,
    "fields": {
        "id_affaire": 42,
        "id_ouvrage": 15,
        "validateur": 38
    }
},
{
    "model": "ouvrage.affaireouvrage",
    "pk": 4,
    "fields": {
        "id_affaire": 53,
        "id_ouvrage": 1,
        "validateur": 40
    }
},
{
    "model": "ouvrage.affaireouvrage",
    "pk": 5,
    "fields": {
        "id_affaire": 52,
        "id_ouvrage": 3,
        "validateur": 33
    }
},
{
    "model": "ouvrage.affaireouvrage",
    "pk": 6,
    "fields": {
        "id_affaire": 45,
        "id_ouvrage": 11,
        "validateur": 40
    }
},
{
    "model": "ouvrage.affaireouvrage",
    "pk": 7,
    "fields": {
        "id_affaire": 51,
        "id_ouvrage": 5,
        "validateur": 38
    }
},
{
    "model": "ouvrage.affaireouvrage",
    "pk": 8,
    "fields": {
        "id_affaire": 40,
        "id_ouvrage": 8,
        "validateur": 41
    }
},
{
    "model": "ouvrage.affaireouvrage",
    "pk": 9,
    "fields": {
        "id_affaire": 43,
        "id_ouvrage": 2,
        "validateur": 39
    }
},
{
    "model": "ouvrage.affaireouvrage",
    "pk": 10,
    "fields": {
        "id_affaire": 46,
        "id_ouvrage": 3,
        "validateur": 31
    }
},
{
    "model": "ouvrage.affaireouvrage",
    "pk": 11,
    "fields": {
        "id_affaire": 50,
        "id_ouvrage": 13,
        "validateur": 38
    }
},
{
    "model": "ouvrage.affaireouvrage",
    "pk": 12,
    "fields": {
        "id_affaire": 49,
        "id_ouvrage": 13,
        "validateur": 41
    }
},
{
    "model": "ouvrage.affaireouvrage",
    "pk": 13,
    "fields": {
        "id_affaire": 46,
        "id_ouvrage": 6,
        "validateur": 35
    }
},
{
    "model": "ouvrage.affaireouvrage",
    "pk": 14,
    "fields": {
        "id_affaire": 54,
        "id_ouvrage": 15,
        "validateur": 43
    }
},
{
    "model": "ouvrage.affaireouvrage",
    "pk": 15,
    "fields": {
        "id_affaire": 44,
        "id_ouvrage": 5,
        "validateur": 30
    }
},
{
    "model": "ouvrage.aso",
    "pk": 1,
    "fields": {
        "date": "2012-12-06",
        "statut": "2",
        "redacteur": 34,
        "affaireouvrage": 15
    }
},
{
    "model": "ouvrage.aso",
    "pk": 2,
    "fields": {
        "date": "2013-02-28",
        "statut": "3",
        "redacteur": 38,
        "affaireouvrage": 3
    }
},
{
    "model": "ouvrage.aso",
    "pk": 3,
    "fields": {
        "date": "1976-10-16",
        "statut": "0",
        "redacteur": 30,
        "affaireouvrage": 9
    }
},
{
    "model": "ouvrage.aso",
    "pk": 4,
    "fields": {
        "date": "2006-11-06",
        "statut": "0",
        "redacteur": 38,
        "affaireouvrage": 8
    }
},
{
    "model": "ouvrage.aso",
    "pk": 5,
    "fields": {
        "date": "2008-07-22",
        "statut": "3",
        "redacteur": 30,
        "affaireouvrage": 2
    }
},
{
    "model": "ouvrage.aso",
    "pk": 6,
    "fields": {
        "date": "2005-11-23",
        "statut": "3",
        "redacteur": 36,
        "affaireouvrage": 6
    }
},
{
    "model": "ouvrage.aso",
    "pk": 7,
    "fields": {
        "date": "1995-03-31",
        "statut": "3",
        "redacteur": 30,
        "affaireouvrage": 11
    }
},
{
    "model": "ouvrage.aso",
    "pk": 8,
    "fields": {
        "date": "1993-02-15",
        "statut": "0",
        "redacteur": 34,
        "affaireouvrage": 2
    }
},
{
    "model": "ouvrage.aso",
    "pk": 9,
    "fields": {
        "date": "1976-01-22",
        "statut": "2",
        "redacteur": 42,
        "affaireouvrage": 6
    }
},
{
    "model": "ouvrage.aso",
    "pk": 10,
    "fields": {
        "date": "2013-01-01",
        "statut": "2",
        "redacteur": 41,
        "affaireouvrage": 1
    }
},
{
    "model": "ouvrage.aso",
    "pk": 11,
    "fields": {
        "date": "1974-10-05",
        "statut": "1",
        "redacteur": 31,
        "affaireouvrage": 14
    }
},
{
    "model": "ouvrage.aso",
    "pk": 12,
    "fields": {
        "date": "2001-05-09",
        "statut": "3",
        "redacteur": 30,
        "affaireouvrage": 3
    }
},
{
    "model": "ouvrage.aso",
    "pk": 13,
    "fields": {
        "date": "2001-09-13",
        "statut": "0",
        "redacteur": 31,
        "affaireouvrage": 12
    }
},
{
    "model": "ouvrage.aso",
    "pk": 14,
    "fields": {
        "date": "1993-02-25",
        "statut": "1",
        "redacteur": 36,
        "affaireouvrage": 15
    }
},
{
    "model": "ouvrage.aso",
    "pk": 15,
    "fields": {
        "date": "1994-09-29",
        "statut": "3",
        "redacteur": 39,
        "affaireouvrage": 9
    }
},
{
    "model": "ouvrage.entrepriseaffaireouvrage",
    "pk": 1,
    "fields": {
        "affaire_ouvrage": 10,
        "affaire_entreprise": 9,
        "diffusion": true
    }
},
{
    "model": "ouvrage.entrepriseaffaireouvrage",
    "pk": 2,
    "fields": {
        "affaire_ouvrage": 3,
        "affaire_entreprise": 12,
        "diffusion": false
    }
},
{
    "model": "ouvrage.entrepriseaffaireouvrage",
    "pk": 3,
    "fields": {
        "affaire_ouvrage": 5,
        "affaire_entreprise": 7,
        "diffusion": true
    }
},
{
    "model": "ouvrage.entrepriseaffaireouvrage",
    "pk": 4,
    "fields": {
        "affaire_ouvrage": 3,
        "affaire_entreprise": 14,
        "diffusion": true
    }
},
{
    "model": "ouvrage.entrepriseaffaireouvrage",
    "pk": 5,
    "fields": {
        "affaire_ouvrage": 11,
        "affaire_entreprise": 11,
        "diffusion": false
    }
},
{
    "model": "ouvrage.entrepriseaffaireouvrage",
    "pk": 6,
    "fields": {
        "affaire_ouvrage": 1,
        "affaire_entreprise": 7,
        "diffusion": false
    }
},
{
    "model": "ouvrage.entrepriseaffaireouvrage",
    "pk": 7,
    "fields": {
        "affaire_ouvrage": 1,
        "affaire_entreprise": 10,
        "diffusion": true
    }
},
{
    "model": "ouvrage.entrepriseaffaireouvrage",
    "pk": 8,
    "fields": {
        "affaire_ouvrage": 12,
        "affaire_entreprise": 15,
        "diffusion": false
    }
},
{
    "model": "ouvrage.entrepriseaffaireouvrage",
    "pk": 9,
    "fields": {
        "affaire_ouvrage": 11,
        "affaire_entreprise": 9,
        "diffusion": true
    }
},
{
    "model": "ouvrage.entrepriseaffaireouvrage",
    "pk": 10,
    "fields": {
        "affaire_ouvrage": 11,
        "affaire_entreprise": 5,
        "diffusion": false
    }
},
{
    "model": "ouvrage.entrepriseaffaireouvrage",
    "pk": 11,
    "fields": {
        "affaire_ouvrage": 6,
        "affaire_entreprise": 15,
        "diffusion": true
    }
},
{
    "model": "ouvrage.entrepriseaffaireouvrage",
    "pk": 12,
    "fields": {
        "affaire_ouvrage": 2,
        "affaire_entreprise": 9,
        "diffusion": false
    }
},
{
    "model": "ouvrage.entrepriseaffaireouvrage",
    "pk": 13,
    "fields": {
        "affaire_ouvrage": 15,
        "affaire_entreprise": 10,
        "diffusion": false
    }
},
{
    "model": "ouvrage.entrepriseaffaireouvrage",
    "pk": 14,
    "fields": {
        "affaire_ouvrage": 1,
        "affaire_entreprise": 14,
        "diffusion": true
    }
},
{
    "model": "ouvrage.entrepriseaffaireouvrage",
    "pk": 15,
    "fields": {
        "affaire_ouvrage": 9,
        "affaire_entreprise": 14,
        "diffusion": true
    }
},
{
    "model": "ouvrage.documents",
    "pk": 1,
    "fields": {
        "dossier": "Execution",
        "nature": "Carnet",
        "indice": "Poor.",
        "date_indice": "2021-09-01",
        "date_reception": "2012-07-10",
        "titre": "Gun watch enjoy floor truth management. Another fly safe.",
        "numero_revision": -10331,
        "numero_externe": -17631,
        "emetteur": 5,
        "aso": 3
    }
},
{
    "model": "ouvrage.documents",
    "pk": 2,
    "fields": {
        "dossier": "Execution",
        "nature": "Descriptif",
        "indice": "Cost.",
        "date_indice": "2021-07-07",
        "date_reception": "2018-07-17",
        "titre": "Compare until school miss person common yard. Reduce show best both something voice.",
        "numero_revision": -17908,
        "numero_externe": 13706,
        "emetteur": 5,
        "aso": 5
    }
},
{
    "model": "ouvrage.documents",
    "pk": 3,
    "fields": {
        "dossier": "Execution",
        "nature": "Attestation Incendie",
        "indice": "I.",
        "date_indice": "1978-08-10",
        "date_reception": "1990-06-27",
        "titre": "Investment case give image. Language short service record. Region up foot time worker.",
        "numero_revision": 31090,
        "numero_externe": 26161,
        "emetteur": 15,
        "aso": 4
    }
},
{
    "model": "ouvrage.documents",
    "pk": 4,
    "fields": {
        "dossier": "Execution",
        "nature": "Note de calcule",
        "indice": "Two.",
        "date_indice": "1996-04-20",
        "date_reception": "1995-11-03",
        "titre": "Guess travel interesting production by safe information. Final population least range suffer.",
        "numero_revision": 28807,
        "numero_externe": 29739,
        "emetteur": 14,
        "aso": 9
    }
},
{
    "model": "ouvrage.documents",
    "pk": 5,
    "fields": {
        "dossier": "Execution",
        "nature": "Courrier",
        "indice": "Bill.",
        "date_indice": "2019-01-20",
        "date_reception": "1995-08-03",
        "titre": "Agree four campaign. Above until more enjoy.",
        "numero_revision": -16985,
        "numero_externe": 6115,
        "emetteur": 6,
        "aso": 4
    }
},
{
    "model": "ouvrage.documents",
    "pk": 6,
    "fields": {
        "dossier": "Execution",
        "nature": "Attestation Incendie",
        "indice": "Grow.",
        "date_indice": "2001-12-11",
        "date_reception": "1970-06-15",
        "titre": "Scientist for rest same friend exist man. Physical successful build.",
        "numero_revision": -24438,
        "numero_externe": -17704,
        "emetteur": 2,
        "aso": 13
    }
},
{
    "model": "ouvrage.documents",
    "pk": 7,
    "fields": {
        "dossier": "Execution",
        "nature": "Courrier",
        "indice": "Many.",
        "date_indice": "1991-11-21",
        "date_reception": "1990-11-12",
        "titre": "Miss become lawyer appear along have past. Father born age wish feeling health.",
        "numero_revision": 7376,
        "numero_externe": -24175,
        "emetteur": 15,
        "aso": 6
    }
},
{
    "model": "ouvrage.documents",
    "pk": 8,
    "fields": {
        "dossier": "Execution",
        "nature": "Certificat",
        "indice": "Find.",
        "date_indice": "1971-10-13",
        "date_reception": "1990-11-27",
        "titre": "Hour response space spend pick she experience. Wife risk unit seven bad.",
        "numero_revision": 20012,
        "numero_externe": 12111,
        "emetteur": 1,
        "aso": 13
    }
},
{
    "model": "ouvrage.documents",
    "pk": 9,
    "fields": {
        "dossier": "Execution",
        "nature": "fiche techinique",
        "indice": "Need.",
        "date_indice": "2001-06-13",
        "date_reception": "1973-08-13",
        "titre": "Edge describe imagine peace town child usually. Us style these rate what him government.",
        "numero_revision": -14430,
        "numero_externe": -23041,
        "emetteur": 8,
        "aso": 11
    }
},
{
    "model": "ouvrage.documents",
    "pk": 10,
    "fields": {
        "dossier": "Execution",
        "nature": "TOUS",
        "indice": "All.",
        "date_indice": "1971-12-18",
        "date_reception": "2007-09-29",
        "titre": "Check billion event coach them memory left. Nature capital four top man two.",
        "numero_revision": 2932,
        "numero_externe": 5327,
        "emetteur": 6,
        "aso": 7
    }
},
{
    "model": "ouvrage.documents",
    "pk": 11,
    "fields": {
        "dossier": "Execution",
        "nature": "Certificat",
        "indice": "Bit.",
        "date_indice": "1995-10-03",
        "date_reception": "2002-01-12",
        "titre": "Power reveal bag interesting make reach indicate. Computer bed paper attention dinner assume still.",
        "numero_revision": 31944,
        "numero_externe": 29337,
        "emetteur": 2,
        "aso": 11
    }
},
{
    "model": "ouvrage.documents",
    "pk": 12,
    "fields": {
        "dossier": "Execution",
        "nature": "Attestation Incendie",
        "indice": "Fear.",
        "date_indice": "1979-02-05",
        "date_reception": "1978-05-12",
        "titre": "Write even despite their. Book age rather indicate.",
        "numero_revision": 28435,
        "numero_externe": 7877,
        "emetteur": 10,
        "aso": 1
    }
},
{
    "model": "ouvrage.documents",
    "pk": 13,
    "fields": {
        "dossier": "Execution",
        "nature": "Note de calcule",
        "indice": "That.",
        "date_indice": "2006-12-09",
        "date_reception": "2018-07-09",
        "titre": "Compare as head thank page paper big. Matter book too individual. Station arm any forward concern.",
        "numero_revision": -16905,
        "numero_externe": 16988,
        "emetteur": 7,
        "aso": 2
    }
},
{
    "model": "ouvrage.documents",
    "pk": 14,
    "fields": {
        "dossier": "Execution",
        "nature": "Compte rendue",
        "indice": "They.",
        "date_indice": "1985-11-08",
        "date_reception": "1974-05-26",
        "titre": "Story hundred maybe small we travel. Career Republican pattern difficult stay white audience.",
        "numero_revision": -11666,
        "numero_externe": 18116,
        "emetteur": 3,
        "aso": 10
    }
},
{
    "model": "ouvrage.documents",
    "pk": 15,
    "fields": {
        "dossier": "Execution",
        "nature": "Descriptif",
        "indice": "Use.",
        "date_indice": "2000-05-25",
        "date_reception": "2007-12-13",
        "titre": "Imagine fund once. Begin him end site guy instead number model.",
        "numero_revision": -19338,
        "numero_externe": -3229,
        "emetteur": 14,
        "aso": 15
    }
},
{
    "model": "ouvrage.fichierattache",
    "pk": 1,
    "fields": {
        "nom": "Anything television bag message significant thought clearly. A decide provide research effort plant. Customer child agent development hold hard specific.\nWall enter space future suggest ago fund free. Mean our sense.",
        "fichier": "director.mov",
        "date": "2001-03-15",
        "document": 12
    }
},
{
    "model": "ouvrage.fichierattache",
    "pk": 2,
    "fields": {
        "nom": "Three stuff every campaign explain control town provide. Form accept really spend dark and establish. Present current memory thing notice bring air.\nWho mouth after bad keep. South important song exist.",
        "fichier": "your.mov",
        "date": "2023-01-06",
        "document": 15
    }
},
{
    "model": "ouvrage.fichierattache",
    "pk": 3,
    "fields": {
        "nom": "Evidence animal operation opportunity contain adult.\nManagement blue tend present increase. Discuss few finally close.",
        "fichier": "range.mov",
        "date": "1998-10-08",
        "document": 11
    }
},
{
    "model": "ouvrage.fichierattache",
    "pk": 4,
    "fields": {
        "nom": "Fall threat design day commercial also give.\nScene raise where much interesting. Work marriage stock accept. That process every fly church. Daughter policy recently last sort nor force big.",
        "fichier": "type.mov",
        "date": "2007-07-29",
        "document": 1
    }
},
{
    "model": "ouvrage.fichierattache",
    "pk": 5,
    "fields": {
        "nom": "Article public candidate health myself require. Usually lot officer seek middle rule.\nDifferent seem allow build career. Seek drive believe. Subject kitchen record level agent on.",
        "fichier": "rise.jpg",
        "date": "1973-04-09",
        "document": 12
    }
},
{
    "model": "ouvrage.fichierattache",
    "pk": 6,
    "fields": {
        "nom": "Only even do enjoy leave us take. Practice almost major goal whose.\nConsumer center technology environmental do. Vote ok mind surface tonight.\nWeight agree democratic yet. Travel allow could company fill occur. Much return may especially.",
        "fichier": "choose.css",
        "date": "2006-12-24",
        "document": 8
    }
},
{
    "model": "ouvrage.fichierattache",
    "pk": 7,
    "fields": {
        "nom": "Compare key best account moment respond send.\nMeet environment arm store modern. Tell final whatever daughter summer condition.\nEmployee community several attention real have include. Thank behind discuss. Me personal right bring since detail art.",
        "fichier": "which.tiff",
        "date": "2010-06-04",
        "document": 6
    }
},
{
    "model": "ouvrage.fichierattache",
    "pk": 8,
    "fields": {
        "nom": "With health government design that head any. System thousand while wide be.\nMiddle important public site. Reflect stay team.\nReal increase often wide mean huge. Enjoy research avoid office. From sort agency defense fund notice.",
        "fichier": "time.wav",
        "date": "1977-12-02",
        "document": 2
    }
},
{
    "model": "ouvrage.fichierattache",
    "pk": 9,
    "fields": {
        "nom": "Three produce next. Continue memory draw left issue.\nWhatever guy war fill house. Mother question choose maybe prove. Consider near card class manager citizen fine example. Must relate play hear reality usually quickly often.",
        "fichier": "find.avi",
        "date": "2009-01-04",
        "document": 11
    }
},
{
    "model": "ouvrage.fichierattache",
    "pk": 10,
    "fields": {
        "nom": "Value arm strong. Table similar quality subject remain blue when deal.\nAttention fast himself agree. South ten list after. Deal themselves television would wall.",
        "fichier": "ground.tiff",
        "date": "1996-12-01",
        "document": 14
    }
},
{
    "model": "ouvrage.fichierattache",
    "pk": 11,
    "fields": {
        "nom": "Property player hold Congress. Time again later car clearly.\nDrop data low present pull. Black girl human present east conference serious. Ok environment condition use hear next sound.\nSouthern line entire expert wrong. Its dog federal.",
        "fichier": "player.jpeg",
        "date": "1972-02-23",
        "document": 11
    }
},
{
    "model": "ouvrage.fichierattache",
    "pk": 12,
    "fields": {
        "nom": "Management culture positive none perform present. Discussion firm popular me green. Road later discussion least security already measure forget.\nCongress training name west both.",
        "fichier": "husband.json",
        "date": "1979-01-23",
        "document": 6
    }
},
{
    "model": "ouvrage.fichierattache",
    "pk": 13,
    "fields": {
        "nom": "Start reveal similar. Page finally value successful report town. If consider decision.\nTrouble specific hear worker on college push. There detail sense discussion wonder. Sport minute road sometimes. Same shake prove.",
        "fichier": "hold.mp3",
        "date": "2016-05-01",
        "document": 15
    }
},
{
    "model": "ouvrage.fichierattache",
    "pk": 14,
    "fields": {
        "nom": "Degree all indicate class account. Position once interest sing example.\nDiscussion north attack have offer vote risk. Institution ground statement decide relate let.\nPrevent guess nice action bit not. Per project character bed.",
        "fichier": "let.mp3",
        "date": "2004-07-14",
        "document": 2
    }
},
{
    "model": "ouvrage.fichierattache",
    "pk": 15,
    "fields": {
        "nom": "Notice door class sort. With or number fund state despite. Happy any growth together yourself society this. Name sell cover across administration.\nMinute day entire senior allow situation. Position light throw.",
        "fichier": "ever.js",
        "date": "2006-07-19",
        "document": 14
    }
},
{
    "model": "ouvrage.avis",
    "pk": 1,
    "fields": {
        "id_document": 4,
        "codification": "F",
        "collaborateurs": 38
    }
},
{
    "model": "ouvrage.avis",
    "pk": 2,
    "fields": {
        "id_document": 8,
        "codification": "HM",
        "collaborateurs": 36
    }
},
{
    "model": "ouvrage.avis",
    "pk": 3,
    "fields": {
        "id_document": 9,
        "codification": "FA",
        "collaborateurs": 44
    }
},
{
    "model": "ouvrage.avis",
    "pk": 4,
    "fields": {
        "id_document": 13,
        "codification": "RMQ",
        "collaborateurs": 39
    }
},
{
    "model": "ouvrage.avis",
    "pk": 5,
    "fields": {
        "id_document": 11,
        "codification": "F",
        "collaborateurs": 39
    }
},
{
    "model": "ouvrage.avis",
    "pk": 6,
    "fields": {
        "id_document": 12,
        "codification": "VI",
        "collaborateurs": 37
    }
},
{
    "model": "ouvrage.avis",
    "pk": 7,
    "fields": {
        "id_document": 4,
        "codification": "VI",
        "collaborateurs": 37
    }
},
{
    "model": "ouvrage.avis",
    "pk": 8,
    "fields": {
        "id_document": 9,
        "codification": "VI",
        "collaborateurs": 40
    }
},
{
    "model": "ouvrage.avis",
    "pk": 9,
    "fields": {
        "id_document": 7,
        "codification": "FA",
        "collaborateurs": 32
    }
},
{
    "model": "ouvrage.avis",
    "pk": 10,
    "fields": {
        "id_document": 10,
        "codification": "FA",
        "collaborateurs": 39
    }
},
{
    "model": "ouvrage.avis",
    "pk": 11,
    "fields": {
        "id_document": 15,
        "codification": "RMQ",
        "collaborateurs": 40
    }
},
{
    "model": "ouvrage.avis",
    "pk": 12,
    "fields": {
        "id_document": 6,
        "codification": "FA",
        "collaborateurs": 38
    }
},
{
    "model": "ouvrage.avis",
    "pk": 13,
    "fields": {
        "id_document": 10,
        "codification": "VI",
        "collaborateurs": 38
    }
},
{
    "model": "ouvrage.avis",
    "pk": 14,
    "fields": {
        "id_document": 6,
        "codification": "VI",
        "collaborateurs": 33
    }
},
{
    "model": "ouvrage.avis",
    "pk": 15,
    "fields": {
        "id_document": 1,
        "codification": "VI",
        "collaborateurs": 42
    }
}
]
